<?xml version="1.0" encoding="UTF-8"?>
<Server port="8005" shutdown="SHUTDOWN">
  <Listener className="org.apache.catalina.startup.VersionLoggerListener"/>
  <Listener SSLEngine="on" className="org.apache.catalina.core.AprLifecycleListener"/>
  <Listener className="org.apache.catalina.core.JreMemoryLeakPreventionListener"/>
  <Listener className="org.apache.catalina.mbeans.GlobalResourcesLifecycleListener"/>
  <Listener className="org.apache.catalina.core.ThreadLocalLeakPreventionListener"/>
  <GlobalNamingResources>
    <Resource auth="Container" description="User database that can be updated and saved" factory="org.apache.catalina.users.MemoryUserDatabaseFactory" name="UserDatabase" pathname="conf/tomcat-users.xml" type="org.apache.catalina.UserDatabase"/>
  </GlobalNamingResources>
  <Service name="Catalina">
    <Connector connectionTimeout="20000" port="8080" protocol="HTTP/1.1" redirectPort="8443"/>
    <Engine defaultHost="localhost" name="Catalina">
      <Realm className="org.apache.catalina.realm.LockOutRealm">
        <Realm className="org.apache.catalina.realm.UserDatabaseRealm" resourceName="UserDatabase"/>
      </Realm>
      <Host appBase="webapps" autoDeploy="true" name="localhost" unpackWARs="true">
	    <Valve className="org.apache.catalina.valves.AccessLogValve" directory="logs" pattern="%h %l %u %t &quot;%r&quot; %s %b" prefix="localhost_access_log" suffix=".txt"/>
	    <Context docBase="swack" path="swack" reloadable="false" source="org.eclipse.jst.jee.server:swack">
          <!-- ここからコネクションプールの設定
            - localhostの場合: jdbc:postgresql://localhost:5551/appdb
            - DB情報を変更する場合は parameter.DAOParameters.java も合わせて変更すること
          -->
	      <Resource auth="Container" driverClassName="org.postgresql.Driver" maxActive="10" maxIdel="5" maxWait="10000" name="jdbc/postgres" type="javax.sql.DataSource"
	      	url="jdbc:postgresql://db:5432/appdb"
	      	username="postgres"
	      	password="postgres"
	      />
          <!-- ここまで -->
        </Context>
      </Host>
    </Engine>
  </Service>
</Server>